<?xml version="1.0" encoding="UTF-8"?>
<project-private xmlns="http://www.netbeans.org/ns/project-private/1">
    <editor-bookmarks xmlns="http://www.netbeans.org/ns/editor-bookmarks/2" lastBookmarkId="0"/>
    <open-files xmlns="http://www.netbeans.org/ns/projectui-open-files/2">
        <group>
            <file>file:/home/oct2pus/NetBeansProjects/TaskList/src/tasklist/db/TaskDB.java</file>
            <file>file:/home/oct2pus/NetBeansProjects/TaskList/src/tasklist/ui/TaskList.java</file>
            <file>file:/home/oct2pus/NetBeansProjects/TaskList/src/tasklist/business/Task.java</file>
            <file>file:/home/oct2pus/NetBeansProjects/TaskList/src/tasklist/business/Validator.java</file>
        </group>
    </open-files>
</project-private>
